name,email
Anita Castillo,martinezrandy@yahoo.com
Kathryn Pacheco,brianwilson@lamb-daniels.com
Danny Obrien,alison48@wilson.com
Tommy Whitaker,navarrojoseph@gmail.com
Taylor Morales,carrlisa@gmail.com
Judy Adams,amygill@hotmail.com
Beth Brown,yhubbard@gmail.com
Veronica Manning,markdougherty@clark.com
Michael Shields,ehester@gmail.com
Kelly Newman,ppatton@robertson-gonzales.com
Anthony Campos,ronnie76@gmail.com
Samantha Dominguez,cbrown@gomez-campbell.com
Aaron Fitzpatrick,mayerchad@hotmail.com
Erin Long,deanna60@lee.com
Bryan Martinez,matthew61@hotmail.com
Sherry Ramos,schwartzgary@martinez.com
Sarah Smith,sstone@hotmail.com
Denise Oliver,jeremycompton@yahoo.com
Andrea Koch MD,fosteromar@allen-levy.com
Richard Guzman,amber14@nielsen.biz
Robert Armstrong,tyrone57@yahoo.com
Chad Sweeney,erobinson@lyons.info
Bradley Taylor,vbradley@gmail.com
David Blackwell,kristen01@parker.org
Todd Giles,bmurray@adams.com
Patricia Mcdonald,jonathan49@yahoo.com
Justin Phillips,elizabeth15@gmail.com
Sean Crawford,lindarandall@hotmail.com
Veronica Stewart,julienelson@gmail.com
Tiffany Krueger,jeffrey15@cooper-anderson.com
Rebecca Thomas,jlong@gmail.com
Dustin Garrett,amandacarr@yahoo.com
Jessica Reilly,rachelharvey@gmail.com
Travis Green,brownlatoya@flores.com
Melissa Thompson,seth91@kramer-aguilar.com
Bryan Meyer,ophillips@gmail.com
Lawrence Miller,jenniferparker@pittman.org
Alicia Hill,gabrielwright@hansen.com
Tyler Saunders,egreen@beard.com
Matthew Miller,iwhitaker@hotmail.com
Mr. Eric Sexton MD,michaelmosley@white.net
Stephanie Roy,jacqueline46@smith-stone.org
Amy Kelly,ramirezjose@yahoo.com
Michael Clements,ashley62@hotmail.com
Eddie Burns,jdavis@white.net
Douglas Chase,mossheather@yahoo.com
Taylor Gutierrez,danielmoore@carlson.com
Frank Collins,santiagokeith@burns.com
Holly Woods,alexandertiffany@hotmail.com
Sheri Stuart,lee73@miller.com
Kathryn Oliver,benjaminjones@smith.info
Taylor Mitchell,yphillips@hotmail.com
Matthew Nelson,dblair@thompson.net
Brian Jones,johnsonjames@pierce-carter.com
Dr. Rachel James,yvargas@maxwell.net
Ryan Mullen,knightamy@saunders.com
Yvette Miller,keith46@price.com
Evelyn Edwards,jasminpierce@yahoo.com
Jay Perry,adam22@allen-abbott.com
Joanna Hampton,cherylmunoz@hotmail.com
Andrew Fleming,smithmonica@hotmail.com
Melissa Rodriguez,nicholasmejia@gmail.com
Michael Miles,qmorton@jones-bryant.com
Kimberly Stephens,jonesmelissa@hotmail.com
Tammy Contreras,gavin32@castillo-mitchell.com
Barbara Bailey,lewisdalton@yahoo.com
Courtney Henry,zwiley@hodges-gross.com
John Thomas,ralphduarte@ward-webster.net
Christine Davis,murphypamela@gmail.com
Julie Barker MD,emily72@hotmail.com
Megan Walker,tyler98@yahoo.com
Melissa Banks,victoriafranklin@jones-porter.com
Scott Delgado,heatherferrell@gmail.com
Randall Navarro,kathryn83@cole.org
Matthew Miller,johnmalone@buchanan.com
Heather Rich,elizabethwhite@gmail.com
Rachel Mclaughlin,michaelcarter@martinez.com
Teresa Lee,amanda13@gmail.com
Jessica Huynh,bradleyjeremy@hotmail.com
Karen Strickland,lloydjeffrey@hotmail.com
Blake Tapia MD,perezjake@hotmail.com
Amy Johnson,aweaver@mack.com
Jennifer Smith,cardenasamanda@stephenson.net
William Swanson,coffeyjessica@gmail.com
Keith White,jerry03@powell-smith.com
Derek Roberson,longrhonda@hotmail.com
Cody Murphy,cwright@wilson.com
Manuel Barber,dawnstevens@hester.com
Jenny Lambert,coxlisa@yahoo.com
Brian Weaver,michelledalton@gmail.com
Henry Aguirre,xstevenson@sanchez-frazier.com
Kathleen Martinez,phillipsmegan@randall.info
Michael Baker,vincent49@novak.org
Bryce Peterson,huntermichael@gmail.com
Donna Torres,zwilkerson@hotmail.com
Robert Alvarado,ibrown@gmail.com
Dr. Andrew Reynolds,harringtonbarbara@luna.biz
Marissa Bishop,alewis@perez-sawyer.com
Kim Johnson,lgordon@gmail.com
Breanna Johnston,msparks@maddox.com
